<?xml version='1.0' encoding='ISO-8859-1' ?>

<toc version="1.0">

    <tocitem target="GAIL.html">GAIL Toolbox
        <tocitem target="funclist.html" image="HelpIcon.FUNCTION">Functions 
            <tocitem target="help_funappx_g.html">funappx_g</tocitem>
            <tocitem target="help_integral_g.html">integral_g</tocitem>
            <tocitem target="help_meanMC_g.html">meanMC_g</tocitem>
            <tocitem target="help_cubMC_g.html">cubMC_g</tocitem>
        </tocitem>
    </tocitem>
</toc>
